run	half	net_id	names
1	2	1	Ico_L1
1	2	2	Ico_L2
1	2	3	Ico_L3
1	2	4	Ico_L4
1	2	5	Ico_L5
1	2	6	Ico_L6
1	2	7	Ico_L7
1	2	8	Ico_L8
1	2	9	Ico_L9
1	2	10	Ico_L10
1	2	11	Ico_L11
1	2	12	Ico_L12
1	2	13	Ico_L13
1	2	14	Ico_L14
1	2	15	Ico_L15
1	2	16	Ico_L16
1	2	17	Ico_L17
1	2	18	Ico_L18
1	2	19	Ico_L19
1	2	20	Ico_L20
1	2	21	Ico_L21
1	2	22	Ico_L22
1	2	23	Ico_L23
1	2	24	Ico_L24
1	2	25	Ico_L25
1	2	26	Ico_L26
1	2	27	Ico_L27
1	2	28	Ico_L28
1	2	29	Ico_L29
1	2	30	Ico_L30
1	2	31	Ico_L31
1	2	32	Ico_L32
1	2	33	Ico_L33
1	2	34	Ico_L34
1	2	35	Ico_L35
1	2	36	Ico_L36
1	2	37	Ico_L37
1	2	38	Ico_L38
1	2	39	Ico_L39
1	2	40	Ico_L40
1	2	41	Ico_L41
1	2	42	Ico_L42
1	2	43	Ico_L43
1	2	44	Ico_L44
1	2	45	Ico_L45
1	2	46	Ico_L46
1	2	47	Ico_L47
1	2	48	Ico_L48
1	2	49	Ico_L49
1	2	50	Ico_L50
1	2	51	Ico_L51
1	2	52	Ico_L52
1	2	53	Ico_L53
1	2	54	Ico_L54
1	2	55	Ico_L55
1	2	56	Ico_L56
1	2	57	Ico_L57
1	2	58	Ico_L58
1	2	59	Ico_L59
1	2	60	Ico_L60
1	2	61	Ico_L61
1	2	62	Ico_L62
1	2	63	Ico_L63
1	2	64	Ico_L64
1	2	65	Ico_L65
1	2	66	Ico_L66
1	2	67	Ico_L67
1	2	68	Ico_L68
1	2	69	Ico_L69
1	2	70	Ico_L70
1	2	71	Ico_L71
1	2	72	Ico_L72
1	2	73	Ico_L73
1	2	74	Ico_L74
1	2	75	Ico_L75
1	2	76	Ico_L76
1	2	77	Ico_L77
1	2	78	Ico_L78
1	2	79	Ico_L79
1	2	80	Ico_L80
1	2	81	Ico_L81
1	2	82	Ico_L82
1	2	83	Ico_L83
1	2	84	Ico_L84
1	2	85	Ico_L85
1	2	86	Ico_L86
1	2	87	Ico_L87
1	2	88	Ico_L88
1	2	89	Ico_L89
1	2	90	Ico_L90
1	2	91	Ico_L91
1	2	92	Ico_L92
1	2	93	Ico_L93
1	2	94	Ico_L94
1	2	95	Ico_L95
1	2	96	Ico_L96
1	2	97	Ico_L97
1	2	98	Ico_L98
1	2	99	Ico_L99
1	2	100	Ico_L100
1	2	101	Ico_L101
1	2	102	Ico_L102
1	2	103	Ico_L103
1	2	104	Ico_L104
1	2	105	Ico_L105
1	2	106	Ico_L106
1	2	107	Ico_L107
1	2	108	Ico_L108
1	2	109	Ico_L109
1	2	110	Ico_L110
1	2	111	Ico_L111
1	2	112	Ico_L112
1	2	113	Ico_L113
1	2	114	Ico_L114
1	2	115	Ico_L115
1	2	116	Ico_L116
1	2	117	Ico_L117
1	2	118	Ico_L118
1	2	119	Ico_L119
1	2	120	Ico_L120
1	2	121	Ico_L121
1	2	122	Ico_L122
1	2	123	Ico_L123
1	2	124	Ico_L124
1	2	125	Ico_L125
1	2	126	Ico_L126
1	2	127	Ico_L127
1	2	128	Ico_L128
1	2	129	Ico_L129
1	2	130	Ico_L130
1	2	131	Ico_L131
1	2	132	Ico_L132
1	2	133	Ico_L133
1	2	134	Ico_L134
1	2	135	Ico_L135
1	2	136	Ico_L136
1	2	137	Ico_L137
1	2	138	Ico_L138
1	2	139	Ico_L139
1	2	140	Ico_L140
1	2	141	Ico_L141
1	2	142	Ico_L142
1	2	143	Ico_L143
1	2	144	Ico_L144
1	2	145	Ico_L145
1	2	146	Ico_L146
1	2	147	Ico_L147
1	2	148	Ico_L148
1	2	149	Ico_L149
1	2	150	Ico_L150
1	2	151	Ico_L151
1	2	152	Ico_L152
1	2	153	Ico_L153
1	2	154	Ico_L154
1	2	155	Ico_L155
1	2	156	Ico_L156
1	2	157	Ico_L157
1	2	158	Ico_L158
1	2	159	Ico_L159
1	2	160	Ico_L160
1	2	161	Ico_L161
1	2	162	Ico_L162
1	2	163	Ico_L163
1	2	164	Ico_L164
1	2	165	Ico_L165
1	2	166	Ico_L166
1	2	167	Ico_L167
1	2	168	Ico_L168
1	2	169	Ico_L169
1	2	170	Ico_L170
1	2	171	Ico_L171
1	2	172	Ico_L172
1	2	173	Ico_L173
1	2	174	Ico_L174
1	2	175	Ico_L175
1	2	176	Ico_L176
1	2	177	Ico_L177
1	2	178	Ico_L178
1	2	179	Ico_L179
1	2	180	Ico_L180
1	2	181	Ico_L181
1	2	182	Ico_L182
1	2	183	Ico_L183
1	2	184	Ico_L184
1	2	185	Ico_L185
1	2	186	Ico_L186
1	2	187	Ico_L187
1	2	188	Ico_L188
1	2	189	Ico_L189
1	2	190	Ico_L190
1	2	191	Ico_L191
1	2	192	Ico_L192
1	2	193	Ico_L193
1	2	194	Ico_L194
1	2	195	Ico_L195
1	2	196	Ico_L196
1	2	197	Ico_L197
1	2	198	Ico_L198
1	2	199	Ico_L199
1	2	200	Ico_L200
1	2	201	Ico_L201
1	2	202	Ico_L202
1	2	203	Ico_L203
1	2	204	Ico_L204
1	2	205	Ico_L205
1	2	206	Ico_L206
1	2	207	Ico_L207
1	2	208	Ico_L208
1	2	209	Ico_L209
1	2	210	Ico_L210
1	2	211	Ico_L211
1	2	212	Ico_L212
1	2	213	Ico_L213
1	2	214	Ico_L214
1	2	215	Ico_L215
1	2	216	Ico_L216
1	2	217	Ico_L217
1	2	218	Ico_L218
1	2	219	Ico_L219
1	2	220	Ico_L220
1	2	221	Ico_L221
1	2	222	Ico_L222
1	2	223	Ico_L223
1	2	224	Ico_L224
1	2	225	Ico_L225
1	2	226	Ico_L226
1	2	227	Ico_L227
1	2	228	Ico_L228
1	2	229	Ico_L229
1	2	230	Ico_L230
1	2	231	Ico_L231
1	2	232	Ico_L232
1	2	233	Ico_L233
1	2	234	Ico_L234
1	2	235	Ico_L235
1	2	236	Ico_L236
1	2	237	Ico_L237
1	2	238	Ico_L238
1	2	239	Ico_L239
1	2	240	Ico_L240
1	2	241	Ico_L241
1	2	242	Ico_L242
1	2	243	Ico_L243
1	2	244	Ico_L244
1	2	245	Ico_L245
1	2	246	Ico_L246
1	2	247	Ico_L247
1	2	248	Ico_L248
1	2	249	Ico_L249
1	2	250	Ico_L250
1	2	251	Ico_L251
1	2	252	Ico_L252
1	2	253	Ico_L253
1	2	254	Ico_L254
1	2	255	Ico_L255
1	2	256	Ico_L256
1	2	257	Ico_L257
1	2	258	Ico_L258
1	2	259	Ico_L259
1	2	260	Ico_L260
1	2	261	Ico_L261
1	2	262	Ico_L262
1	2	263	Ico_L263
1	2	264	Ico_L264
1	2	265	Ico_L265
1	2	266	Ico_L266
1	2	267	Ico_L267
1	2	268	Ico_L268
1	2	269	Ico_L269
1	2	270	Ico_L270
1	2	271	Ico_L271
1	2	272	Ico_L272
1	2	273	Ico_L273
1	2	274	Ico_L274
1	2	275	Ico_L275
1	2	276	Ico_L276
1	2	277	Ico_L277
1	2	278	Ico_L278
1	2	279	Ico_L279
1	2	280	Ico_L280
1	2	281	Ico_L281
1	2	282	Ico_L282
1	2	283	Ico_L283
1	2	284	Ico_L284
1	2	285	Ico_L285
1	2	286	Ico_L286
1	2	287	Ico_L287
1	2	288	Ico_L288
1	2	289	Ico_L289
1	2	290	Ico_L290
1	2	291	Ico_L291
1	2	292	Ico_L292
1	2	293	Ico_L293
1	2	294	Ico_L294
1	2	295	Ico_L295
1	2	296	Ico_L296
1	2	297	Ico_L297
1	2	298	Ico_L298
1	2	299	Ico_L299
1	2	300	Ico_L300
1	2	301	Ico_L301
1	2	302	Ico_L302
1	2	303	Ico_L303
1	2	304	Ico_L304
1	2	305	Ico_L305
1	2	306	Ico_L306
1	2	307	Ico_L307
1	2	308	Ico_L308
1	2	309	Ico_L309
1	2	310	Ico_L310
1	2	311	Ico_L311
1	2	312	Ico_L312
1	2	313	Ico_L313
1	2	314	Ico_L314
1	2	315	Ico_L315
1	2	316	Ico_L316
1	2	317	Ico_L317
1	2	318	Ico_L318
1	2	319	Ico_L319
1	2	320	Ico_L320
1	2	321	Ico_L321
1	2	322	Ico_L322
1	2	323	Ico_L323
1	2	324	Ico_L324
1	2	325	Ico_L325
1	2	326	Ico_L326
1	2	327	Ico_L327
1	2	328	Ico_L328
1	2	329	Ico_L329
1	2	330	Ico_L330
1	2	331	Ico_L331
1	2	332	Ico_L332
1	2	333	Ico_L333
1	2	334	Ico_L334
1	2	335	Ico_L335
1	2	336	Ico_L336
1	2	337	Ico_L337
1	2	338	Ico_L338
1	2	339	Ico_L339
1	2	340	Ico_L340
1	2	341	Ico_L341
1	2	342	Ico_L342
1	2	343	Ico_L343
1	2	344	Ico_L344
1	2	345	Ico_L345
1	2	346	Ico_L346
1	2	347	Ico_L347
1	2	348	Ico_L348
1	2	349	Ico_L349
1	2	350	Ico_L350
1	2	351	Ico_L351
1	2	352	Ico_L352
1	2	353	Ico_L353
1	2	354	Ico_L354
1	2	355	Ico_L355
1	2	356	Ico_L356
1	2	357	Ico_L357
1	2	358	Ico_L358
1	2	359	Ico_L359
1	2	360	Ico_L360
1	2	361	Ico_L361
1	2	362	Ico_L362
1	2	363	Ico_L363
1	2	364	Ico_L364
1	2	365	Ico_L365
1	2	366	Ico_L366
1	2	367	Ico_L367
1	2	368	Ico_L368
1	2	369	Ico_L369
1	2	370	Ico_L370
1	2	371	Ico_L371
1	2	372	Ico_L372
1	2	373	Ico_L373
1	2	374	Ico_L374
1	2	375	Ico_L375
1	2	376	Ico_L376
1	2	377	Ico_L377
1	2	378	Ico_L378
1	2	379	Ico_L379
1	2	380	Ico_L380
1	2	381	Ico_L381
1	2	382	Ico_L382
1	2	383	Ico_L383
1	2	384	Ico_L384
1	2	385	Ico_L385
1	2	386	Ico_L386
1	2	387	Ico_L387
1	2	388	Ico_L388
1	2	389	Ico_L389
1	2	390	Ico_L390
1	2	391	Ico_L391
1	2	392	Ico_L392
1	2	393	Ico_L393
1	2	394	Ico_L394
1	2	395	Ico_L395
1	2	396	Ico_L396
1	2	397	Ico_L397
1	2	398	Ico_L398
1	2	399	Ico_L399
1	2	400	Ico_L400
1	2	401	Ico_L401
1	2	402	Ico_L402
1	2	403	Ico_L403
1	2	404	Ico_L404
1	2	405	Ico_L405
1	2	406	Ico_L406
1	2	407	Ico_L407
1	2	408	Ico_L408
1	2	409	Ico_L409
1	2	410	Ico_L410
1	2	411	Ico_L411
1	2	412	Ico_L412
1	2	413	Ico_L413
1	2	414	Ico_L414
1	2	415	Ico_L415
1	2	416	Ico_L416
1	2	417	Ico_L417
1	2	418	Ico_L418
1	2	419	Ico_L419
1	2	420	Ico_L420
1	2	421	Ico_L421
1	2	422	Ico_L422
1	2	423	Ico_L423
1	2	424	Ico_L424
1	2	425	Ico_L425
1	2	426	Ico_L426
1	2	427	Ico_L427
1	2	428	Ico_L428
1	2	429	Ico_L429
1	2	430	Ico_L430
1	2	431	Ico_L431
1	2	432	Ico_L432
1	2	433	Ico_L433
1	2	434	Ico_L434
1	2	435	Ico_L435
1	2	436	Ico_L436
1	2	437	Ico_L437
1	2	438	Ico_L438
1	2	439	Ico_L439
1	2	440	Ico_L440
1	2	441	Ico_L441
1	2	442	Ico_L442
1	2	443	Ico_L443
1	2	444	Ico_L444
1	2	445	Ico_L445
1	2	446	Ico_L446
1	2	447	Ico_L447
1	2	448	Ico_L448
1	2	449	Ico_L449
1	2	450	Ico_L450
1	2	451	Ico_L451
1	2	452	Ico_L452
1	2	453	Ico_L453
1	2	454	Ico_L454
1	2	455	Ico_L455
1	2	456	Ico_L456
1	2	457	Ico_L457
1	2	458	Ico_L458
1	2	459	Ico_L459
1	2	460	Ico_L460
1	2	461	Ico_L461
1	2	462	Ico_L462
1	2	463	Ico_L463
1	2	464	Ico_L464
1	2	465	Ico_L465
1	2	466	Ico_L466
1	2	467	Ico_L467
1	2	468	Ico_L468
1	2	469	Ico_L469
1	2	470	Ico_L470
1	2	471	Ico_L471
1	2	472	Ico_L472
1	2	473	Ico_L473
1	2	474	Ico_L474
1	2	475	Ico_L475
1	2	476	Ico_L476
1	2	477	Ico_L477
1	2	478	Ico_L478
1	2	479	Ico_L479
1	2	480	Ico_L480
1	2	481	Ico_L481
1	2	482	Ico_L482
1	2	483	Ico_L483
1	2	484	Ico_L484
1	2	485	Ico_L485
1	2	486	Ico_L486
1	2	487	Ico_L487
1	2	488	Ico_L488
1	2	489	Ico_L489
1	2	490	Ico_L490
1	2	491	Ico_L491
1	2	492	Ico_L492
1	2	493	Ico_L493
1	2	494	Ico_L494
1	2	495	Ico_L495
1	2	496	Ico_L496
1	2	497	Ico_L497
1	2	498	Ico_L498
1	2	499	Ico_L499
1	2	500	Ico_L500
1	2	501	Ico_L501
1	2	502	Ico_L502
1	2	503	Ico_L503
1	2	504	Ico_L504
1	2	505	Ico_L505
1	2	506	Ico_L506
1	2	507	Ico_L507
1	2	508	Ico_L508
1	2	509	Ico_L509
1	2	510	Ico_L510
1	2	511	Ico_L511
1	2	512	Ico_L512
1	2	513	Ico_L513
1	2	514	Ico_L514
1	2	515	Ico_L515
1	2	516	Ico_L516
1	2	517	Ico_L517
1	2	518	Ico_L518
1	2	519	Ico_L519
1	2	520	Ico_L520
1	2	521	Ico_L521
1	2	522	Ico_L522
1	2	523	Ico_L523
1	2	524	Ico_L524
1	2	525	Ico_L525
1	2	526	Ico_L526
1	2	527	Ico_L527
1	2	528	Ico_L528
1	2	529	Ico_L529
1	2	530	Ico_L530
1	2	531	Ico_L531
1	2	532	Ico_L532
1	2	533	Ico_L533
1	2	534	Ico_L534
1	2	535	Ico_L535
1	2	536	Ico_L536
1	2	537	Ico_L537
1	2	538	Ico_L538
1	2	539	Ico_L539
1	2	540	Ico_L540
1	2	541	Ico_L541
1	2	542	Ico_L542
1	2	543	Ico_L543
1	2	544	Ico_L544
1	2	545	Ico_L545
1	2	546	Ico_L546
1	2	547	Ico_L547
1	2	548	Ico_L548
1	2	549	Ico_L549
1	2	550	Ico_L550
1	2	551	Ico_L551
1	2	552	Ico_L552
1	2	553	Ico_L553
1	2	554	Ico_L554
1	2	555	Ico_L555
1	2	556	Ico_L556
1	2	557	Ico_L557
1	2	558	Ico_L558
1	2	559	Ico_L559
1	2	560	Ico_L560
1	2	561	Ico_L561
1	2	562	Ico_L562
1	2	563	Ico_L563
1	2	564	Ico_L564
1	2	565	Ico_L565
1	2	566	Ico_L566
1	2	567	Ico_L567
1	2	568	Ico_L568
1	2	569	Ico_L569
1	2	570	Ico_L570
1	2	571	Ico_L571
1	2	572	Ico_L572
1	2	573	Ico_L573
1	2	574	Ico_L574
1	2	575	Ico_L575
1	2	576	Ico_L576
1	2	577	Ico_L577
1	2	578	Ico_L578
1	2	579	Ico_L579
1	2	580	Ico_L580
1	2	581	Ico_L581
1	2	582	Ico_L582
1	2	583	Ico_L583
1	2	584	Ico_L584
1	2	585	Ico_L585
1	2	586	Ico_L586
1	2	587	Ico_L587
1	2	588	Ico_L588
1	2	589	Ico_L589
1	2	590	Ico_L590
1	2	591	Ico_L591
1	2	592	Ico_L592
1	2	593	Ico_L593
1	2	594	Ico_L594
1	2	595	Ico_L595
1	2	596	Ico_L596
1	2	597	Ico_L597
1	2	598	Ico_L598
1	2	599	Ico_L599
1	2	600	Ico_L600
1	2	601	Ico_L601
1	2	602	Ico_L602
1	2	603	Ico_L603
1	2	604	Ico_L604
1	2	605	Ico_L605
1	2	606	Ico_R606
1	2	607	Ico_R607
1	2	608	Ico_R608
1	2	609	Ico_R609
1	2	610	Ico_R610
1	2	611	Ico_R611
1	2	612	Ico_R612
1	2	613	Ico_R613
1	2	614	Ico_R614
1	2	615	Ico_R615
1	2	616	Ico_R616
1	2	617	Ico_R617
1	2	618	Ico_R618
1	2	619	Ico_R619
1	2	620	Ico_R620
1	2	621	Ico_R621
1	2	622	Ico_R622
1	2	623	Ico_R623
1	2	624	Ico_R624
1	2	625	Ico_R625
1	2	626	Ico_R626
1	2	627	Ico_R627
1	2	628	Ico_R628
1	2	629	Ico_R629
1	2	630	Ico_R630
1	2	631	Ico_R631
1	2	632	Ico_R632
1	2	633	Ico_R633
1	2	634	Ico_R634
1	2	635	Ico_R635
1	2	636	Ico_R636
1	2	637	Ico_R637
1	2	638	Ico_R638
1	2	639	Ico_R639
1	2	640	Ico_R640
1	2	641	Ico_R641
1	2	642	Ico_R642
1	2	643	Ico_R643
1	2	644	Ico_R644
1	2	645	Ico_R645
1	2	646	Ico_R646
1	2	647	Ico_R647
1	2	648	Ico_R648
1	2	649	Ico_R649
1	2	650	Ico_R650
1	2	651	Ico_R651
1	2	652	Ico_R652
1	2	653	Ico_R653
1	2	654	Ico_R654
1	2	655	Ico_R655
1	2	656	Ico_R656
1	2	657	Ico_R657
1	2	658	Ico_R658
1	2	659	Ico_R659
1	2	660	Ico_R660
1	2	661	Ico_R661
1	2	662	Ico_R662
1	2	663	Ico_R663
1	2	664	Ico_R664
1	2	665	Ico_R665
1	2	666	Ico_R666
1	2	667	Ico_R667
1	2	668	Ico_R668
1	2	669	Ico_R669
1	2	670	Ico_R670
1	2	671	Ico_R671
1	2	672	Ico_R672
1	2	673	Ico_R673
1	2	674	Ico_R674
1	2	675	Ico_R675
1	2	676	Ico_R676
1	2	677	Ico_R677
1	2	678	Ico_R678
1	2	679	Ico_R679
1	2	680	Ico_R680
1	2	681	Ico_R681
1	2	682	Ico_R682
1	2	683	Ico_R683
1	2	684	Ico_R684
1	2	685	Ico_R685
1	2	686	Ico_R686
1	2	687	Ico_R687
1	2	688	Ico_R688
1	2	689	Ico_R689
1	2	690	Ico_R690
1	2	691	Ico_R691
1	2	692	Ico_R692
1	2	693	Ico_R693
1	2	694	Ico_R694
1	2	695	Ico_R695
1	2	696	Ico_R696
1	2	697	Ico_R697
1	2	698	Ico_R698
1	2	699	Ico_R699
1	2	700	Ico_R700
1	2	701	Ico_R701
1	2	702	Ico_R702
1	2	703	Ico_R703
1	2	704	Ico_R704
1	2	705	Ico_R705
1	2	706	Ico_R706
1	2	707	Ico_R707
1	2	708	Ico_R708
1	2	709	Ico_R709
1	2	710	Ico_R710
1	2	711	Ico_R711
1	2	712	Ico_R712
1	2	713	Ico_R713
1	2	714	Ico_R714
1	2	715	Ico_R715
1	2	716	Ico_R716
1	2	717	Ico_R717
1	2	718	Ico_R718
1	2	719	Ico_R719
1	2	720	Ico_R720
1	2	721	Ico_R721
1	2	722	Ico_R722
1	2	723	Ico_R723
1	2	724	Ico_R724
1	2	725	Ico_R725
1	2	726	Ico_R726
1	2	727	Ico_R727
1	2	728	Ico_R728
1	2	729	Ico_R729
1	2	730	Ico_R730
1	2	731	Ico_R731
1	2	732	Ico_R732
1	2	733	Ico_R733
1	2	734	Ico_R734
1	2	735	Ico_R735
1	2	736	Ico_R736
1	2	737	Ico_R737
1	2	738	Ico_R738
1	2	739	Ico_R739
1	2	740	Ico_R740
1	2	741	Ico_R741
1	2	742	Ico_R742
1	2	743	Ico_R743
1	2	744	Ico_R744
1	2	745	Ico_R745
1	2	746	Ico_R746
1	2	747	Ico_R747
1	2	748	Ico_R748
1	2	749	Ico_R749
1	2	750	Ico_R750
1	2	751	Ico_R751
1	2	752	Ico_R752
1	2	753	Ico_R753
1	2	754	Ico_R754
1	2	755	Ico_R755
1	2	756	Ico_R756
1	2	757	Ico_R757
1	2	758	Ico_R758
1	2	759	Ico_R759
1	2	760	Ico_R760
1	2	761	Ico_R761
1	2	762	Ico_R762
1	2	763	Ico_R763
1	2	764	Ico_R764
1	2	765	Ico_R765
1	2	766	Ico_R766
1	2	767	Ico_R767
1	2	768	Ico_R768
1	2	769	Ico_R769
1	2	770	Ico_R770
1	2	771	Ico_R771
1	2	772	Ico_R772
1	2	773	Ico_R773
1	2	774	Ico_R774
1	2	775	Ico_R775
1	2	776	Ico_R776
1	2	777	Ico_R777
1	2	778	Ico_R778
1	2	779	Ico_R779
1	2	780	Ico_R780
1	2	781	Ico_R781
1	2	782	Ico_R782
1	2	783	Ico_R783
1	2	784	Ico_R784
1	2	785	Ico_R785
1	2	786	Ico_R786
1	2	787	Ico_R787
1	2	788	Ico_R788
1	2	789	Ico_R789
1	2	790	Ico_R790
1	2	791	Ico_R791
1	2	792	Ico_R792
1	2	793	Ico_R793
1	2	794	Ico_R794
1	2	795	Ico_R795
1	2	796	Ico_R796
1	2	797	Ico_R797
1	2	798	Ico_R798
1	2	799	Ico_R799
1	2	800	Ico_R800
1	2	801	Ico_R801
1	2	802	Ico_R802
1	2	803	Ico_R803
1	2	804	Ico_R804
1	2	805	Ico_R805
1	2	806	Ico_R806
1	2	807	Ico_R807
1	2	808	Ico_R808
1	2	809	Ico_R809
1	2	810	Ico_R810
1	2	811	Ico_R811
1	2	812	Ico_R812
1	2	813	Ico_R813
1	2	814	Ico_R814
1	2	815	Ico_R815
1	2	816	Ico_R816
1	2	817	Ico_R817
1	2	818	Ico_R818
1	2	819	Ico_R819
1	2	820	Ico_R820
1	2	821	Ico_R821
1	2	822	Ico_R822
1	2	823	Ico_R823
1	2	824	Ico_R824
1	2	825	Ico_R825
1	2	826	Ico_R826
1	2	827	Ico_R827
1	2	828	Ico_R828
1	2	829	Ico_R829
1	2	830	Ico_R830
1	2	831	Ico_R831
1	2	832	Ico_R832
1	2	833	Ico_R833
1	2	834	Ico_R834
1	2	835	Ico_R835
1	2	836	Ico_R836
1	2	837	Ico_R837
1	2	838	Ico_R838
1	2	839	Ico_R839
1	2	840	Ico_R840
1	2	841	Ico_R841
1	2	842	Ico_R842
1	2	843	Ico_R843
1	2	844	Ico_R844
1	2	845	Ico_R845
1	2	846	Ico_R846
1	2	847	Ico_R847
1	2	848	Ico_R848
1	2	849	Ico_R849
1	2	850	Ico_R850
1	2	851	Ico_R851
1	2	852	Ico_R852
1	2	853	Ico_R853
1	2	854	Ico_R854
1	2	855	Ico_R855
1	2	856	Ico_R856
1	2	857	Ico_R857
1	2	858	Ico_R858
1	2	859	Ico_R859
1	2	860	Ico_R860
1	2	861	Ico_R861
1	2	862	Ico_R862
1	2	863	Ico_R863
1	2	864	Ico_R864
1	2	865	Ico_R865
1	2	866	Ico_R866
1	2	867	Ico_R867
1	2	868	Ico_R868
1	2	869	Ico_R869
1	2	870	Ico_R870
1	2	871	Ico_R871
1	2	872	Ico_R872
1	2	873	Ico_R873
1	2	874	Ico_R874
1	2	875	Ico_R875
1	2	876	Ico_R876
1	2	877	Ico_R877
1	2	878	Ico_R878
1	2	879	Ico_R879
1	2	880	Ico_R880
1	2	881	Ico_R881
1	2	882	Ico_R882
1	2	883	Ico_R883
1	2	884	Ico_R884
1	2	885	Ico_R885
1	2	886	Ico_R886
1	2	887	Ico_R887
1	2	888	Ico_R888
1	2	889	Ico_R889
1	2	890	Ico_R890
1	2	891	Ico_R891
1	2	892	Ico_R892
1	2	893	Ico_R893
1	2	894	Ico_R894
1	2	895	Ico_R895
1	2	896	Ico_R896
1	2	897	Ico_R897
1	2	898	Ico_R898
1	2	899	Ico_R899
1	2	900	Ico_R900
1	2	901	Ico_R901
1	2	902	Ico_R902
1	2	903	Ico_R903
1	2	904	Ico_R904
1	2	905	Ico_R905
1	2	906	Ico_R906
1	2	907	Ico_R907
1	2	908	Ico_R908
1	2	909	Ico_R909
1	2	910	Ico_R910
1	2	911	Ico_R911
1	2	912	Ico_R912
1	2	913	Ico_R913
1	2	914	Ico_R914
1	2	915	Ico_R915
1	2	916	Ico_R916
1	2	917	Ico_R917
1	2	918	Ico_R918
1	2	919	Ico_R919
1	2	920	Ico_R920
1	2	921	Ico_R921
1	2	922	Ico_R922
1	2	923	Ico_R923
1	2	924	Ico_R924
1	2	925	Ico_R925
1	2	926	Ico_R926
1	2	927	Ico_R927
1	2	928	Ico_R928
1	2	929	Ico_R929
1	2	930	Ico_R930
1	2	931	Ico_R931
1	2	932	Ico_R932
1	2	933	Ico_R933
1	2	934	Ico_R934
1	2	935	Ico_R935
1	2	936	Ico_R936
1	2	937	Ico_R937
1	2	938	Ico_R938
1	2	939	Ico_R939
1	2	940	Ico_R940
1	2	941	Ico_R941
1	2	942	Ico_R942
1	2	943	Ico_R943
1	2	944	Ico_R944
1	2	945	Ico_R945
1	2	946	Ico_R946
1	2	947	Ico_R947
1	2	948	Ico_R948
1	2	949	Ico_R949
1	2	950	Ico_R950
1	2	951	Ico_R951
1	2	952	Ico_R952
1	2	953	Ico_R953
1	2	954	Ico_R954
1	2	955	Ico_R955
1	2	956	Ico_R956
1	2	957	Ico_R957
1	2	958	Ico_R958
1	2	959	Ico_R959
1	2	960	Ico_R960
1	2	961	Ico_R961
1	2	962	Ico_R962
1	2	963	Ico_R963
1	2	964	Ico_R964
1	2	965	Ico_R965
1	2	966	Ico_R966
1	2	967	Ico_R967
1	2	968	Ico_R968
1	2	969	Ico_R969
1	2	970	Ico_R970
1	2	971	Ico_R971
1	2	972	Ico_R972
1	2	973	Ico_R973
1	2	974	Ico_R974
1	2	975	Ico_R975
1	2	976	Ico_R976
1	2	977	Ico_R977
1	2	978	Ico_R978
1	2	979	Ico_R979
1	2	980	Ico_R980
1	2	981	Ico_R981
1	2	982	Ico_R982
1	2	983	Ico_R983
1	2	984	Ico_R984
1	2	985	Ico_R985
1	2	986	Ico_R986
1	2	987	Ico_R987
1	2	988	Ico_R988
1	2	989	Ico_R989
1	2	990	Ico_R990
1	2	991	Ico_R991
1	2	992	Ico_R992
1	2	993	Ico_R993
1	2	994	Ico_R994
1	2	995	Ico_R995
1	2	996	Ico_R996
1	2	997	Ico_R997
1	2	998	Ico_R998
1	2	999	Ico_R999
1	2	1000	Ico_R1000
1	2	1001	Ico_R1001
1	2	1002	Ico_R1002
1	2	1003	Ico_R1003
1	2	1004	Ico_R1004
1	2	1005	Ico_R1005
1	2	1006	Ico_R1006
1	2	1007	Ico_R1007
1	2	1008	Ico_R1008
1	2	1009	Ico_R1009
1	2	1010	Ico_R1010
1	2	1011	Ico_R1011
1	2	1012	Ico_R1012
1	2	1013	Ico_R1013
1	2	1014	Ico_R1014
1	2	1015	Ico_R1015
1	2	1016	Ico_R1016
1	2	1017	Ico_R1017
1	2	1018	Ico_R1018
1	2	1019	Ico_R1019
1	2	1020	Ico_R1020
1	2	1021	Ico_R1021
1	2	1022	Ico_R1022
1	2	1023	Ico_R1023
1	2	1024	Ico_R1024
1	2	1025	Ico_R1025
1	2	1026	Ico_R1026
1	2	1027	Ico_R1027
1	2	1028	Ico_R1028
1	2	1029	Ico_R1029
1	2	1030	Ico_R1030
1	2	1031	Ico_R1031
1	2	1032	Ico_R1032
1	2	1033	Ico_R1033
1	2	1034	Ico_R1034
1	2	1035	Ico_R1035
1	2	1036	Ico_R1036
1	2	1037	Ico_R1037
1	2	1038	Ico_R1038
1	2	1039	Ico_R1039
1	2	1040	Ico_R1040
1	2	1041	Ico_R1041
1	2	1042	Ico_R1042
1	2	1043	Ico_R1043
1	2	1044	Ico_R1044
1	2	1045	Ico_R1045
1	2	1046	Ico_R1046
1	2	1047	Ico_R1047
1	2	1048	Ico_R1048
1	2	1049	Ico_R1049
1	2	1050	Ico_R1050
1	2	1051	Ico_R1051
1	2	1052	Ico_R1052
1	2	1053	Ico_R1053
1	2	1054	Ico_R1054
1	2	1055	Ico_R1055
1	2	1056	Ico_R1056
1	2	1057	Ico_R1057
1	2	1058	Ico_R1058
1	2	1059	Ico_R1059
1	2	1060	Ico_R1060
1	2	1061	Ico_R1061
1	2	1062	Ico_R1062
1	2	1063	Ico_R1063
1	2	1064	Ico_R1064
1	2	1065	Ico_R1065
1	2	1066	Ico_R1066
1	2	1067	Ico_R1067
1	2	1068	Ico_R1068
1	2	1069	Ico_R1069
1	2	1070	Ico_R1070
1	2	1071	Ico_R1071
1	2	1072	Ico_R1072
1	2	1073	Ico_R1073
1	2	1074	Ico_R1074
1	2	1075	Ico_R1075
1	2	1076	Ico_R1076
1	2	1077	Ico_R1077
1	2	1078	Ico_R1078
1	2	1079	Ico_R1079
1	2	1080	Ico_R1080
1	2	1081	Ico_R1081
1	2	1082	Ico_R1082
1	2	1083	Ico_R1083
1	2	1084	Ico_R1084
1	2	1085	Ico_R1085
1	2	1086	Ico_R1086
1	2	1087	Ico_R1087
1	2	1088	Ico_R1088
1	2	1089	Ico_R1089
1	2	1090	Ico_R1090
1	2	1091	Ico_R1091
1	2	1092	Ico_R1092
1	2	1093	Ico_R1093
1	2	1094	Ico_R1094
1	2	1095	Ico_R1095
1	2	1096	Ico_R1096
1	2	1097	Ico_R1097
1	2	1098	Ico_R1098
1	2	1099	Ico_R1099
1	2	1100	Ico_R1100
1	2	1101	Ico_R1101
1	2	1102	Ico_R1102
1	2	1103	Ico_R1103
1	2	1104	Ico_R1104
1	2	1105	Ico_R1105
1	2	1106	Ico_R1106
1	2	1107	Ico_R1107
1	2	1108	Ico_R1108
1	2	1109	Ico_R1109
1	2	1110	Ico_R1110
1	2	1111	Ico_R1111
1	2	1112	Ico_R1112
1	2	1113	Ico_R1113
1	2	1114	Ico_R1114
1	2	1115	Ico_R1115
1	2	1116	Ico_R1116
1	2	1117	Ico_R1117
1	2	1118	Ico_R1118
1	2	1119	Ico_R1119
1	2	1120	Ico_R1120
1	2	1121	Ico_R1121
1	2	1122	Ico_R1122
1	2	1123	Ico_R1123
1	2	1124	Ico_R1124
1	2	1125	Ico_R1125
1	2	1126	Ico_R1126
1	2	1127	Ico_R1127
1	2	1128	Ico_R1128
1	2	1129	Ico_R1129
1	2	1130	Ico_R1130
1	2	1131	Ico_R1131
1	2	1132	Ico_R1132
1	2	1133	Ico_R1133
1	2	1134	Ico_R1134
1	2	1135	Ico_R1135
1	2	1136	Ico_R1136
1	2	1137	Ico_R1137
1	2	1138	Ico_R1138
1	2	1139	Ico_R1139
1	2	1140	Ico_R1140
1	2	1141	Ico_R1141
1	2	1142	Ico_R1142
1	2	1143	Ico_R1143
1	2	1144	Ico_R1144
1	2	1145	Ico_R1145
1	2	1146	Ico_R1146
1	2	1147	Ico_R1147
1	2	1148	Ico_R1148
1	2	1149	Ico_R1149
1	2	1150	Ico_R1150
1	2	1151	Ico_R1151
1	2	1152	Ico_R1152
1	2	1153	Ico_R1153
1	2	1154	Ico_R1154
1	2	1155	Ico_R1155
1	2	1156	Ico_R1156
1	2	1157	Ico_R1157
1	2	1158	Ico_R1158
1	2	1159	Ico_R1159
1	2	1160	Ico_R1160
1	2	1161	Ico_R1161
1	2	1162	Ico_R1162
1	2	1163	Ico_R1163
1	2	1164	Ico_R1164
1	2	1165	Ico_R1165
1	2	1166	Ico_R1166
1	2	1167	Ico_R1167
1	2	1168	Ico_R1168
1	2	1169	Ico_R1169
1	2	1170	Ico_R1170
1	2	1171	Ico_R1171
1	2	1172	Ico_R1172
1	2	1173	Ico_R1173
1	2	1174	Ico_R1174
1	2	1175	Ico_R1175
1	2	1176	Ico_R1176
1	2	1177	Ico_R1177
1	2	1178	Ico_R1178
1	2	1179	Ico_R1179
1	2	1180	Ico_R1180
1	2	1181	Ico_R1181
1	2	1182	Ico_R1182
1	2	1183	Ico_R1183
1	2	1184	Ico_R1184
1	2	1185	Ico_R1185
1	2	1186	Ico_R1186
1	2	1187	Ico_R1187
1	2	1188	Ico_R1188
1	2	1189	Ico_R1189
1	2	1190	Ico_R1190
1	2	1191	Ico_R1191
1	2	1192	Ico_R1192
1	2	1193	Ico_R1193
1	2	1194	Ico_R1194
1	2	1195	Ico_R1195
1	2	1196	Ico_R1196
1	2	1197	Ico_R1197
1	2	1198	Ico_R1198
1	2	1199	Ico_R1199
1	2	1200	Ico_R1200
1	2	1201	Ico_R1201
1	2	1202	Ico_R1202
1	2	1203	Ico_R1203
1	2	1204	Ico_R1204
1	2	1205	Ico_R1205
1	2	1206	Ico_R1206
1	2	1207	Ico_R1207
1	2	1208	Ico_R1208
1	2	1209	Ico_R1209
1	2	1210	Ico_R1210
