atlas	K	train_data	train_sess	test_data	test_sess	model_type	group_map_name	subj_num	indiv_test_kappa	homo_indiv	task_name	test_run	train_smooth	test_smooth	test_type	strength	spatial_w
fs32k	17	['HCP']	run-2	HCP	contrasts	Models_03	MSHBM17	100206		0.07486928	all	1	6fwhm	sm0	Tseries	20	30
fs32k	17	['HCP']	run-2	HCP	contrasts	Models_03	MSHBM17	100307		0.05942648	all	1	6fwhm	sm0	Tseries	20	30
fs32k	17	['HCP']	run-2	HCP	contrasts	Models_03	MSHBM17	100408		0.09713107	all	1	6fwhm	sm0	Tseries	20	30
fs32k	17	['HCP']	run-2	HCP	contrasts	Models_03	MSHBM17	100610		0.056336656	all	1	6fwhm	sm0	Tseries	20	30
fs32k	17	['HCP']	run-2	HCP	contrasts	Models_03	MSHBM17	101006		0.052387003	all	1	6fwhm	sm0	Tseries	20	30
fs32k	17	['HCP']	run-2	HCP	contrasts	Models_03	MSHBM17	101107		0.09107685	all	1	6fwhm	sm0	Tseries	20	30
fs32k	17	['HCP']	run-2	HCP	contrasts	Models_03	MSHBM17	101309		0.0650766	all	1	6fwhm	sm0	Tseries	20	30
fs32k	17	['HCP']	run-2	HCP	contrasts	Models_03	MSHBM17	101915		0.039501168	all	1	6fwhm	sm0	Tseries	20	30
fs32k	17	['HCP']	run-2	HCP	contrasts	Models_03	MSHBM17	102008		0.06545123	all	1	6fwhm	sm0	Tseries	20	30
fs32k	17	['HCP']	run-2	HCP	contrasts	Models_03	MSHBM17	102109		0.10428207	all	1	6fwhm	sm0	Tseries	20	30
fs32k	17	['HCP']	run-2	HCP	contrasts	Models_03	MSHBM17	102311		0.069250435	all	1	6fwhm	sm0	Tseries	20	30
fs32k	17	['HCP']	run-2	HCP	contrasts	Models_03	MSHBM17	102513		0.026571374	all	1	6fwhm	sm0	Tseries	20	30
fs32k	17	['HCP']	run-2	HCP	contrasts	Models_03	MSHBM17	102614		0.039881974	all	1	6fwhm	sm0	Tseries	20	30
fs32k	17	['HCP']	run-2	HCP	contrasts	Models_03	MSHBM17	102715		0.055492077	all	1	6fwhm	sm0	Tseries	20	30
fs32k	17	['HCP']	run-2	HCP	contrasts	Models_03	MSHBM17	102816		0.0446743	all	1	6fwhm	sm0	Tseries	20	30
fs32k	17	['HCP']	run-2	HCP	contrasts	Models_03	MSHBM17	103111		0.04084824	all	1	6fwhm	sm0	Tseries	20	30
fs32k	17	['HCP']	run-2	HCP	contrasts	Models_03	MSHBM17	103212		0.03695865	all	1	6fwhm	sm0	Tseries	20	30
fs32k	17	['HCP']	run-2	HCP	contrasts	Models_03	MSHBM17	103414		0.055873577	all	1	6fwhm	sm0	Tseries	20	30
fs32k	17	['HCP']	run-2	HCP	contrasts	Models_03	MSHBM17	103818		0.07654691	all	1	6fwhm	sm0	Tseries	20	30
fs32k	17	['HCP']	run-2	HCP	contrasts	Models_03	MSHBM17	104820		0.05720192	all	1	6fwhm	sm0	Tseries	20	30
fs32k	17	['HCP']	run-2	HCP	contrasts	Models_03	MSHBM17	105216		0.08165028	all	1	6fwhm	sm0	Tseries	20	30
fs32k	17	['HCP']	run-2	HCP	contrasts	Models_03	MSHBM17	105923		0.077753425	all	1	6fwhm	sm0	Tseries	20	30
fs32k	17	['HCP']	run-2	HCP	contrasts	Models_03	MSHBM17	106319		0.14023645	all	1	6fwhm	sm0	Tseries	20	30
fs32k	17	['HCP']	run-2	HCP	contrasts	Models_03	MSHBM17	108121		0.08721083	all	1	6fwhm	sm0	Tseries	20	30
fs32k	17	['HCP']	run-2	HCP	contrasts	Models_03	MSHBM17	108222		0.065271854	all	1	6fwhm	sm0	Tseries	20	30
fs32k	17	['HCP']	run-2	HCP	contrasts	Models_03	MSHBM17	113316		0.053861924	all	1	6fwhm	sm0	Tseries	20	30
fs32k	17	['HCP']	run-2	HCP	contrasts	Models_03	MSHBM17	123723		0.030177806	all	1	6fwhm	sm0	Tseries	20	30
fs32k	17	['HCP']	run-2	HCP	contrasts	Models_03	MSHBM17	127226		0.043148763	all	1	6fwhm	sm0	Tseries	20	30
fs32k	17	['HCP']	run-2	HCP	contrasts	Models_03	MSHBM17	127933		0.07316244	all	1	6fwhm	sm0	Tseries	20	30
fs32k	17	['HCP']	run-2	HCP	contrasts	Models_03	MSHBM17	128026		0.076222315	all	1	6fwhm	sm0	Tseries	20	30
fs32k	17	['HCP']	run-2	HCP	contrasts	Models_03	MSHBM17	128127		0.07959572	all	1	6fwhm	sm0	Tseries	20	30
fs32k	17	['HCP']	run-2	HCP	contrasts	Models_03	MSHBM17	128632		0.13430892	all	1	6fwhm	sm0	Tseries	20	30
fs32k	17	['HCP']	run-2	HCP	contrasts	Models_03	MSHBM17	128935		0.047623087	all	1	6fwhm	sm0	Tseries	20	30
fs32k	17	['HCP']	run-2	HCP	contrasts	Models_03	MSHBM17	129331		0.09525916	all	1	6fwhm	sm0	Tseries	20	30
fs32k	17	['HCP']	run-2	HCP	contrasts	Models_03	MSHBM17	130316		0.061504435	all	1	6fwhm	sm0	Tseries	20	30
fs32k	17	['HCP']	run-2	HCP	contrasts	Models_03	MSHBM17	130922		0.049345393	all	1	6fwhm	sm0	Tseries	20	30
fs32k	17	['HCP']	run-2	HCP	contrasts	Models_03	MSHBM17	131217		0.054822445	all	1	6fwhm	sm0	Tseries	20	30
fs32k	17	['HCP']	run-2	HCP	contrasts	Models_03	MSHBM17	132017		0.08636819	all	1	6fwhm	sm0	Tseries	20	30
fs32k	17	['HCP']	run-2	HCP	contrasts	Models_03	MSHBM17	134021		0.059176847	all	1	6fwhm	sm0	Tseries	20	30
fs32k	17	['HCP']	run-2	HCP	contrasts	Models_03	MSHBM17	134324		0.07764679	all	1	6fwhm	sm0	Tseries	20	30
fs32k	17	['HCP']	run-2	HCP	contrasts	Models_03	MSHBM17	134425		0.07589986	all	1	6fwhm	sm0	Tseries	20	30
fs32k	17	['HCP']	run-2	HCP	contrasts	Models_03	MSHBM17	135629		0.09492131	all	1	6fwhm	sm0	Tseries	20	30
fs32k	17	['HCP']	run-2	HCP	contrasts	Models_03	MSHBM17	135730		0.067393444	all	1	6fwhm	sm0	Tseries	20	30
fs32k	17	['HCP']	run-2	HCP	contrasts	Models_03	MSHBM17	135932		0.10915586	all	1	6fwhm	sm0	Tseries	20	30
fs32k	17	['HCP']	run-2	HCP	contrasts	Models_03	MSHBM17	136126		0.037621517	all	1	6fwhm	sm0	Tseries	20	30
fs32k	17	['HCP']	run-2	HCP	contrasts	Models_03	MSHBM17	136227		0.049725823	all	1	6fwhm	sm0	Tseries	20	30
fs32k	17	['HCP']	run-2	HCP	contrasts	Models_03	MSHBM17	136631		0.066405565	all	1	6fwhm	sm0	Tseries	20	30
fs32k	17	['HCP']	run-2	HCP	contrasts	Models_03	MSHBM17	138332		0.07367427	all	1	6fwhm	sm0	Tseries	20	30
fs32k	17	['HCP']	run-2	HCP	contrasts	Models_03	MSHBM17	140824		0.043363404	all	1	6fwhm	sm0	Tseries	20	30
fs32k	17	['HCP']	run-2	HCP	contrasts	Models_03	MSHBM17	143325		0.07869236	all	1	6fwhm	sm0	Tseries	20	30
fs32k	17	['HCP']	run-2	HCP	contrasts	Models_03	MSHBM17	100206		0.036992796	all	2	6fwhm	sm0	Tseries	20	30
fs32k	17	['HCP']	run-2	HCP	contrasts	Models_03	MSHBM17	100307		0.047044385	all	2	6fwhm	sm0	Tseries	20	30
fs32k	17	['HCP']	run-2	HCP	contrasts	Models_03	MSHBM17	100408		0.11302304	all	2	6fwhm	sm0	Tseries	20	30
fs32k	17	['HCP']	run-2	HCP	contrasts	Models_03	MSHBM17	100610		0.04826401	all	2	6fwhm	sm0	Tseries	20	30
fs32k	17	['HCP']	run-2	HCP	contrasts	Models_03	MSHBM17	101006		0.049271714	all	2	6fwhm	sm0	Tseries	20	30
fs32k	17	['HCP']	run-2	HCP	contrasts	Models_03	MSHBM17	101107		0.10828523	all	2	6fwhm	sm0	Tseries	20	30
fs32k	17	['HCP']	run-2	HCP	contrasts	Models_03	MSHBM17	101309		0.056480113	all	2	6fwhm	sm0	Tseries	20	30
fs32k	17	['HCP']	run-2	HCP	contrasts	Models_03	MSHBM17	101915		0.049287207	all	2	6fwhm	sm0	Tseries	20	30
fs32k	17	['HCP']	run-2	HCP	contrasts	Models_03	MSHBM17	102008		0.07449755	all	2	6fwhm	sm0	Tseries	20	30
fs32k	17	['HCP']	run-2	HCP	contrasts	Models_03	MSHBM17	102109		0.09752034	all	2	6fwhm	sm0	Tseries	20	30
fs32k	17	['HCP']	run-2	HCP	contrasts	Models_03	MSHBM17	102311		0.08795161	all	2	6fwhm	sm0	Tseries	20	30
fs32k	17	['HCP']	run-2	HCP	contrasts	Models_03	MSHBM17	102513		0.025825439	all	2	6fwhm	sm0	Tseries	20	30
fs32k	17	['HCP']	run-2	HCP	contrasts	Models_03	MSHBM17	102614		0.036815386	all	2	6fwhm	sm0	Tseries	20	30
fs32k	17	['HCP']	run-2	HCP	contrasts	Models_03	MSHBM17	102715		0.049027707	all	2	6fwhm	sm0	Tseries	20	30
fs32k	17	['HCP']	run-2	HCP	contrasts	Models_03	MSHBM17	102816		0.058222916	all	2	6fwhm	sm0	Tseries	20	30
fs32k	17	['HCP']	run-2	HCP	contrasts	Models_03	MSHBM17	103111		0.031407446	all	2	6fwhm	sm0	Tseries	20	30
fs32k	17	['HCP']	run-2	HCP	contrasts	Models_03	MSHBM17	103212		0.05265289	all	2	6fwhm	sm0	Tseries	20	30
fs32k	17	['HCP']	run-2	HCP	contrasts	Models_03	MSHBM17	103414		0.061200626	all	2	6fwhm	sm0	Tseries	20	30
fs32k	17	['HCP']	run-2	HCP	contrasts	Models_03	MSHBM17	103818		0.10178236	all	2	6fwhm	sm0	Tseries	20	30
fs32k	17	['HCP']	run-2	HCP	contrasts	Models_03	MSHBM17	104820		0.09233483	all	2	6fwhm	sm0	Tseries	20	30
fs32k	17	['HCP']	run-2	HCP	contrasts	Models_03	MSHBM17	105216		0.080522455	all	2	6fwhm	sm0	Tseries	20	30
fs32k	17	['HCP']	run-2	HCP	contrasts	Models_03	MSHBM17	105923		0.12731192	all	2	6fwhm	sm0	Tseries	20	30
fs32k	17	['HCP']	run-2	HCP	contrasts	Models_03	MSHBM17	106319		0.16590619	all	2	6fwhm	sm0	Tseries	20	30
fs32k	17	['HCP']	run-2	HCP	contrasts	Models_03	MSHBM17	108121		0.08652118	all	2	6fwhm	sm0	Tseries	20	30
fs32k	17	['HCP']	run-2	HCP	contrasts	Models_03	MSHBM17	108222		0.06730282	all	2	6fwhm	sm0	Tseries	20	30
fs32k	17	['HCP']	run-2	HCP	contrasts	Models_03	MSHBM17	113316		0.06936423	all	2	6fwhm	sm0	Tseries	20	30
fs32k	17	['HCP']	run-2	HCP	contrasts	Models_03	MSHBM17	123723		0.039017685	all	2	6fwhm	sm0	Tseries	20	30
fs32k	17	['HCP']	run-2	HCP	contrasts	Models_03	MSHBM17	127226		0.059869524	all	2	6fwhm	sm0	Tseries	20	30
fs32k	17	['HCP']	run-2	HCP	contrasts	Models_03	MSHBM17	127933		0.11333778	all	2	6fwhm	sm0	Tseries	20	30
fs32k	17	['HCP']	run-2	HCP	contrasts	Models_03	MSHBM17	128026		0.073233806	all	2	6fwhm	sm0	Tseries	20	30
fs32k	17	['HCP']	run-2	HCP	contrasts	Models_03	MSHBM17	128127		0.053824976	all	2	6fwhm	sm0	Tseries	20	30
fs32k	17	['HCP']	run-2	HCP	contrasts	Models_03	MSHBM17	128632		0.13297373	all	2	6fwhm	sm0	Tseries	20	30
fs32k	17	['HCP']	run-2	HCP	contrasts	Models_03	MSHBM17	128935		0.04063224	all	2	6fwhm	sm0	Tseries	20	30
fs32k	17	['HCP']	run-2	HCP	contrasts	Models_03	MSHBM17	129331		0.09734646	all	2	6fwhm	sm0	Tseries	20	30
fs32k	17	['HCP']	run-2	HCP	contrasts	Models_03	MSHBM17	130316		0.057183124	all	2	6fwhm	sm0	Tseries	20	30
fs32k	17	['HCP']	run-2	HCP	contrasts	Models_03	MSHBM17	130922		0.041120082	all	2	6fwhm	sm0	Tseries	20	30
fs32k	17	['HCP']	run-2	HCP	contrasts	Models_03	MSHBM17	131217		0.053122964	all	2	6fwhm	sm0	Tseries	20	30
fs32k	17	['HCP']	run-2	HCP	contrasts	Models_03	MSHBM17	132017		0.09264478	all	2	6fwhm	sm0	Tseries	20	30
fs32k	17	['HCP']	run-2	HCP	contrasts	Models_03	MSHBM17	134021		0.07386372	all	2	6fwhm	sm0	Tseries	20	30
fs32k	17	['HCP']	run-2	HCP	contrasts	Models_03	MSHBM17	134324		0.063540205	all	2	6fwhm	sm0	Tseries	20	30
fs32k	17	['HCP']	run-2	HCP	contrasts	Models_03	MSHBM17	134425		0.0597741	all	2	6fwhm	sm0	Tseries	20	30
fs32k	17	['HCP']	run-2	HCP	contrasts	Models_03	MSHBM17	135629		0.10573982	all	2	6fwhm	sm0	Tseries	20	30
fs32k	17	['HCP']	run-2	HCP	contrasts	Models_03	MSHBM17	135730		0.059176967	all	2	6fwhm	sm0	Tseries	20	30
fs32k	17	['HCP']	run-2	HCP	contrasts	Models_03	MSHBM17	135932		0.07432742	all	2	6fwhm	sm0	Tseries	20	30
fs32k	17	['HCP']	run-2	HCP	contrasts	Models_03	MSHBM17	136126		0.0381671	all	2	6fwhm	sm0	Tseries	20	30
fs32k	17	['HCP']	run-2	HCP	contrasts	Models_03	MSHBM17	136227		0.046716362	all	2	6fwhm	sm0	Tseries	20	30
fs32k	17	['HCP']	run-2	HCP	contrasts	Models_03	MSHBM17	136631		0.06391906	all	2	6fwhm	sm0	Tseries	20	30
fs32k	17	['HCP']	run-2	HCP	contrasts	Models_03	MSHBM17	138332		0.096928656	all	2	6fwhm	sm0	Tseries	20	30
fs32k	17	['HCP']	run-2	HCP	contrasts	Models_03	MSHBM17	140824		0.064401105	all	2	6fwhm	sm0	Tseries	20	30
fs32k	17	['HCP']	run-2	HCP	contrasts	Models_03	MSHBM17	143325		0.11176673	all	2	6fwhm	sm0	Tseries	20	30
