sn	train	num_runs	max_dist	bin_width	kappa	DCBC
0	ses-s1	16	40	1.5	0.0	0.12715522179391966
1	ses-s1	16	40	1.5	0.0	0.10451169216784416
2	ses-s1	16	40	1.5	0.0	0.06989489205260845
3	ses-s1	16	40	1.5	0.0	0.2302184079645288
4	ses-s1	16	40	1.5	0.0	0.12891467614292584
5	ses-s1	16	40	1.5	0.0	0.16982124250166805
6	ses-s1	16	40	1.5	0.0	0.2302779081925414
7	ses-s1	16	40	1.5	0.0	0.12403904825543391
8	ses-s1	16	40	1.5	0.0	0.10912720959897151
9	ses-s1	16	40	1.5	0.0	0.1271586939649363
10	ses-s1	16	40	1.5	0.0	0.1894960553357622
11	ses-s1	16	40	1.5	0.0	0.06577510581340605
12	ses-s1	16	40	1.5	0.0	0.11676629359696443
13	ses-s1	16	40	1.5	0.0	0.17077709577647082
14	ses-s1	16	40	1.5	0.0	0.11609025063377684
15	ses-s1	16	40	1.5	0.0	0.17847546875111422
16	ses-s1	16	40	1.5	0.0	0.15790741820654156
17	ses-s1	16	40	1.5	0.0	0.09645676801579645
18	ses-s1	16	40	1.5	0.0	0.1589217686414717
19	ses-s1	16	40	1.5	0.0	0.1617045045702853
20	ses-s1	16	40	1.5	0.0	0.1788210450787163
21	ses-s1	16	40	1.5	0.0	0.10760157323170187
22	ses-s1	16	40	1.5	0.0	0.0917816390884216
23	ses-s1	16	40	1.5	0.0	0.16028452145572167
0	ses-s1	16	40	1.5	0.2	0.15334317320340246
1	ses-s1	16	40	1.5	0.2	0.14076022911844535
2	ses-s1	16	40	1.5	0.2	0.07592259550233275
3	ses-s1	16	40	1.5	0.2	0.31949068199273145
4	ses-s1	16	40	1.5	0.2	0.15306866744994324
5	ses-s1	16	40	1.5	0.2	0.19171401972216534
6	ses-s1	16	40	1.5	0.2	0.26105568806747453
7	ses-s1	16	40	1.5	0.2	0.17276802173894884
8	ses-s1	16	40	1.5	0.2	0.11088896618545165
9	ses-s1	16	40	1.5	0.2	0.16441604226488277
10	ses-s1	16	40	1.5	0.2	0.24062326931978395
11	ses-s1	16	40	1.5	0.2	0.07077141421788431
12	ses-s1	16	40	1.5	0.2	0.14918637925450015
13	ses-s1	16	40	1.5	0.2	0.20663956810946496
14	ses-s1	16	40	1.5	0.2	0.12829907912967575
15	ses-s1	16	40	1.5	0.2	0.22305242151573187
16	ses-s1	16	40	1.5	0.2	0.17587560684185485
17	ses-s1	16	40	1.5	0.2	0.1315577822136794
18	ses-s1	16	40	1.5	0.2	0.18107544245481497
19	ses-s1	16	40	1.5	0.2	0.18730955467159804
20	ses-s1	16	40	1.5	0.2	0.1904193768749438
21	ses-s1	16	40	1.5	0.2	0.1272081259800695
22	ses-s1	16	40	1.5	0.2	0.12277541083599526
23	ses-s1	16	40	1.5	0.2	0.1741973206843208
0	ses-s1	16	40	1.5	0.5	0.16558254904095368
1	ses-s1	16	40	1.5	0.5	0.16388358284764287
2	ses-s1	16	40	1.5	0.5	0.07866228210133244
3	ses-s1	16	40	1.5	0.5	0.3586788035680776
4	ses-s1	16	40	1.5	0.5	0.17172868874388184
5	ses-s1	16	40	1.5	0.5	0.2109900754313899
6	ses-s1	16	40	1.5	0.5	0.27452479382567874
7	ses-s1	16	40	1.5	0.5	0.19645204636237407
8	ses-s1	16	40	1.5	0.5	0.11133543789792372
9	ses-s1	16	40	1.5	0.5	0.2019368342171588
10	ses-s1	16	40	1.5	0.5	0.29028353967934
11	ses-s1	16	40	1.5	0.5	0.07848575555729377
12	ses-s1	16	40	1.5	0.5	0.17079657940538756
13	ses-s1	16	40	1.5	0.5	0.23374738894658043
14	ses-s1	16	40	1.5	0.5	0.14146611527407954
15	ses-s1	16	40	1.5	0.5	0.2492071636419822
16	ses-s1	16	40	1.5	0.5	0.18890464517308622
17	ses-s1	16	40	1.5	0.5	0.16891341032850257
18	ses-s1	16	40	1.5	0.5	0.1893911481827945
19	ses-s1	16	40	1.5	0.5	0.20767516838699585
20	ses-s1	16	40	1.5	0.5	0.19187195154399797
21	ses-s1	16	40	1.5	0.5	0.1392223224212977
22	ses-s1	16	40	1.5	0.5	0.14395245033548584
23	ses-s1	16	40	1.5	0.5	0.18736456801689946
0	ses-s1	16	40	1.5	0.8	0.1682230361119583
1	ses-s1	16	40	1.5	0.8	0.17444580474593177
2	ses-s1	16	40	1.5	0.8	0.08281428008656197
3	ses-s1	16	40	1.5	0.8	0.37085315820347003
4	ses-s1	16	40	1.5	0.8	0.17949908510701262
5	ses-s1	16	40	1.5	0.8	0.22097477536122137
6	ses-s1	16	40	1.5	0.8	0.2788010297204202
7	ses-s1	16	40	1.5	0.8	0.2025110886278313
8	ses-s1	16	40	1.5	0.8	0.10885948284939198
9	ses-s1	16	40	1.5	0.8	0.22389355292205126
10	ses-s1	16	40	1.5	0.8	0.31124366832283773
11	ses-s1	16	40	1.5	0.8	0.08440679259467973
12	ses-s1	16	40	1.5	0.8	0.18153291446082942
13	ses-s1	16	40	1.5	0.8	0.24366396862217293
14	ses-s1	16	40	1.5	0.8	0.14727003131115904
15	ses-s1	16	40	1.5	0.8	0.2589587169610693
16	ses-s1	16	40	1.5	0.8	0.19250000989554167
17	ses-s1	16	40	1.5	0.8	0.18824586220091213
18	ses-s1	16	40	1.5	0.8	0.18532126550604627
19	ses-s1	16	40	1.5	0.8	0.21949460015996172
20	ses-s1	16	40	1.5	0.8	0.19100048970457428
21	ses-s1	16	40	1.5	0.8	0.14792096609344274
22	ses-s1	16	40	1.5	0.8	0.15567155752396575
23	ses-s1	16	40	1.5	0.8	0.19082470703107093
0	ses-s1	16	40	1.5	1.0	0.16719579009988164
1	ses-s1	16	40	1.5	1.0	0.1769717572986943
2	ses-s1	16	40	1.5	1.0	0.08187281941883305
3	ses-s1	16	40	1.5	1.0	0.37607015809407834
4	ses-s1	16	40	1.5	1.0	0.18323759373642745
5	ses-s1	16	40	1.5	1.0	0.22768349642265714
6	ses-s1	16	40	1.5	1.0	0.27994007116377184
7	ses-s1	16	40	1.5	1.0	0.20598542862273517
8	ses-s1	16	40	1.5	1.0	0.10448806266494938
9	ses-s1	16	40	1.5	1.0	0.2292658946021565
10	ses-s1	16	40	1.5	1.0	0.31865851501280856
11	ses-s1	16	40	1.5	1.0	0.0875234942170628
12	ses-s1	16	40	1.5	1.0	0.1880356458339766
13	ses-s1	16	40	1.5	1.0	0.24726407098583097
14	ses-s1	16	40	1.5	1.0	0.14952256846705075
15	ses-s1	16	40	1.5	1.0	0.2612004137974415
16	ses-s1	16	40	1.5	1.0	0.192283596893386
17	ses-s1	16	40	1.5	1.0	0.19527184466010553
18	ses-s1	16	40	1.5	1.0	0.18274723392501904
19	ses-s1	16	40	1.5	1.0	0.22562554395248519
20	ses-s1	16	40	1.5	1.0	0.18851458972375598
21	ses-s1	16	40	1.5	1.0	0.15163617757452513
22	ses-s1	16	40	1.5	1.0	0.16026368143946498
23	ses-s1	16	40	1.5	1.0	0.1925985766871477
0	ses-s1	16	40	1.5	2.0	0.16163599534248874
1	ses-s1	16	40	1.5	2.0	0.18206499434623563
2	ses-s1	16	40	1.5	2.0	0.08406428047133653
3	ses-s1	16	40	1.5	2.0	0.38032940120857434
4	ses-s1	16	40	1.5	2.0	0.18821676424249612
5	ses-s1	16	40	1.5	2.0	0.23456836792330757
6	ses-s1	16	40	1.5	2.0	0.28299498474141377
7	ses-s1	16	40	1.5	2.0	0.2081871970270335
8	ses-s1	16	40	1.5	2.0	0.09480672441446054
9	ses-s1	16	40	1.5	2.0	0.2386351935913618
10	ses-s1	16	40	1.5	2.0	0.32416985535052606
11	ses-s1	16	40	1.5	2.0	0.09550640820654872
12	ses-s1	16	40	1.5	2.0	0.19711714539590294
13	ses-s1	16	40	1.5	2.0	0.25260322096001064
14	ses-s1	16	40	1.5	2.0	0.15506413333098298
15	ses-s1	16	40	1.5	2.0	0.2604195458125436
16	ses-s1	16	40	1.5	2.0	0.18632805497690724
17	ses-s1	16	40	1.5	2.0	0.20312607705424027
18	ses-s1	16	40	1.5	2.0	0.17325053461790166
19	ses-s1	16	40	1.5	2.0	0.2311896062861364
20	ses-s1	16	40	1.5	2.0	0.18514652835326406
21	ses-s1	16	40	1.5	2.0	0.1556597361481515
22	ses-s1	16	40	1.5	2.0	0.17362940969869464
23	ses-s1	16	40	1.5	2.0	0.1957798627222581
0	ses-s1	16	40	1.5	3.0	0.15848111104503884
1	ses-s1	16	40	1.5	3.0	0.182108406659749
2	ses-s1	16	40	1.5	3.0	0.08202394522174865
3	ses-s1	16	40	1.5	3.0	0.38214625867897717
4	ses-s1	16	40	1.5	3.0	0.18901355824822885
5	ses-s1	16	40	1.5	3.0	0.23535120723965725
6	ses-s1	16	40	1.5	3.0	0.2837699257821094
7	ses-s1	16	40	1.5	3.0	0.21026464367073683
8	ses-s1	16	40	1.5	3.0	0.09103489372485125
9	ses-s1	16	40	1.5	3.0	0.23997438063730267
10	ses-s1	16	40	1.5	3.0	0.32481378720112364
11	ses-s1	16	40	1.5	3.0	0.10019534253919957
12	ses-s1	16	40	1.5	3.0	0.19789534574490972
13	ses-s1	16	40	1.5	3.0	0.2502395610372271
14	ses-s1	16	40	1.5	3.0	0.15583988565174975
15	ses-s1	16	40	1.5	3.0	0.2581166612135983
16	ses-s1	16	40	1.5	3.0	0.18368627300225954
17	ses-s1	16	40	1.5	3.0	0.20385068315516477
18	ses-s1	16	40	1.5	3.0	0.17024157383229147
19	ses-s1	16	40	1.5	3.0	0.22943635683397254
20	ses-s1	16	40	1.5	3.0	0.18446121998272047
21	ses-s1	16	40	1.5	3.0	0.1558237532473507
22	ses-s1	16	40	1.5	3.0	0.17572266481967425
23	ses-s1	16	40	1.5	3.0	0.19370121843169133
0	ses-s1	16	40	1.5	4.0	0.15739150703029492
1	ses-s1	16	40	1.5	4.0	0.1819664522049759
2	ses-s1	16	40	1.5	4.0	0.08126171818978452
3	ses-s1	16	40	1.5	4.0	0.38138956817113345
4	ses-s1	16	40	1.5	4.0	0.18907195042885433
5	ses-s1	16	40	1.5	4.0	0.23452333232743514
6	ses-s1	16	40	1.5	4.0	0.28345085343334203
7	ses-s1	16	40	1.5	4.0	0.2099804054111855
8	ses-s1	16	40	1.5	4.0	0.08890180532259508
9	ses-s1	16	40	1.5	4.0	0.24177366850951026
10	ses-s1	16	40	1.5	4.0	0.3250519513328617
11	ses-s1	16	40	1.5	4.0	0.10042533349680462
12	ses-s1	16	40	1.5	4.0	0.19786356622023313
13	ses-s1	16	40	1.5	4.0	0.2485593756943193
14	ses-s1	16	40	1.5	4.0	0.15420164514495194
15	ses-s1	16	40	1.5	4.0	0.25672548831574515
16	ses-s1	16	40	1.5	4.0	0.1810273538336762
17	ses-s1	16	40	1.5	4.0	0.20296670469805517
18	ses-s1	16	40	1.5	4.0	0.16857842400489353
19	ses-s1	16	40	1.5	4.0	0.2298753803756698
20	ses-s1	16	40	1.5	4.0	0.18357757066319658
21	ses-s1	16	40	1.5	4.0	0.15790825857632432
22	ses-s1	16	40	1.5	4.0	0.17732596514361
23	ses-s1	16	40	1.5	4.0	0.19381523530392278
0	ses-s1	16	40	1.5	5.0	0.1556653036953125
1	ses-s1	16	40	1.5	5.0	0.18147858758865223
2	ses-s1	16	40	1.5	5.0	0.08121738415500815
3	ses-s1	16	40	1.5	5.0	0.38089251013255526
4	ses-s1	16	40	1.5	5.0	0.18726834526445452
5	ses-s1	16	40	1.5	5.0	0.23316041400108972
6	ses-s1	16	40	1.5	5.0	0.2822046313626916
7	ses-s1	16	40	1.5	5.0	0.21065527792003952
8	ses-s1	16	40	1.5	5.0	0.08779914625893495
9	ses-s1	16	40	1.5	5.0	0.23935146008530156
10	ses-s1	16	40	1.5	5.0	0.3262201642993944
11	ses-s1	16	40	1.5	5.0	0.10194365517198893
12	ses-s1	16	40	1.5	5.0	0.19779803590149111
13	ses-s1	16	40	1.5	5.0	0.24673798098682118
14	ses-s1	16	40	1.5	5.0	0.15385549779097052
15	ses-s1	16	40	1.5	5.0	0.2559485260557619
16	ses-s1	16	40	1.5	5.0	0.18056398784872887
17	ses-s1	16	40	1.5	5.0	0.20284432322579568
18	ses-s1	16	40	1.5	5.0	0.16524952449113894
19	ses-s1	16	40	1.5	5.0	0.22906908984014057
20	ses-s1	16	40	1.5	5.0	0.18129278837152366
21	ses-s1	16	40	1.5	5.0	0.15770469601361814
22	ses-s1	16	40	1.5	5.0	0.17797898475302532
23	ses-s1	16	40	1.5	5.0	0.1922978106493469
0	ses-s1	16	40	1.5	6.0	0.15563100348893033
1	ses-s1	16	40	1.5	6.0	0.1809771457680632
2	ses-s1	16	40	1.5	6.0	0.08155085130704362
3	ses-s1	16	40	1.5	6.0	0.3805498146070825
4	ses-s1	16	40	1.5	6.0	0.18646789842867534
5	ses-s1	16	40	1.5	6.0	0.23162676063383872
6	ses-s1	16	40	1.5	6.0	0.2818200219758114
7	ses-s1	16	40	1.5	6.0	0.21067490748919457
8	ses-s1	16	40	1.5	6.0	0.08578768028604482
9	ses-s1	16	40	1.5	6.0	0.23754520932158366
10	ses-s1	16	40	1.5	6.0	0.3265940867568399
11	ses-s1	16	40	1.5	6.0	0.10209687523028836
12	ses-s1	16	40	1.5	6.0	0.19832771040774058
13	ses-s1	16	40	1.5	6.0	0.2457951329167811
14	ses-s1	16	40	1.5	6.0	0.15247116039249056
15	ses-s1	16	40	1.5	6.0	0.2560580771612426
16	ses-s1	16	40	1.5	6.0	0.17975839922521336
17	ses-s1	16	40	1.5	6.0	0.20156693226948963
18	ses-s1	16	40	1.5	6.0	0.16393091047590308
19	ses-s1	16	40	1.5	6.0	0.22854702658858586
20	ses-s1	16	40	1.5	6.0	0.18019181989883365
21	ses-s1	16	40	1.5	6.0	0.15763655368969948
22	ses-s1	16	40	1.5	6.0	0.1780279764892924
23	ses-s1	16	40	1.5	6.0	0.1927389970626221
0	ses-s1	16	40	1.5	8.0	0.1538701336880599
1	ses-s1	16	40	1.5	8.0	0.18013402992016606
2	ses-s1	16	40	1.5	8.0	0.08038923419073288
3	ses-s1	16	40	1.5	8.0	0.3790233415320661
4	ses-s1	16	40	1.5	8.0	0.18582989914661358
5	ses-s1	16	40	1.5	8.0	0.2302256215868068
6	ses-s1	16	40	1.5	8.0	0.28180109188921837
7	ses-s1	16	40	1.5	8.0	0.2104088413449444
8	ses-s1	16	40	1.5	8.0	0.08422234243827914
9	ses-s1	16	40	1.5	8.0	0.23546656017500908
10	ses-s1	16	40	1.5	8.0	0.3266190064879396
11	ses-s1	16	40	1.5	8.0	0.10302190140244218
12	ses-s1	16	40	1.5	8.0	0.1976002561882561
13	ses-s1	16	40	1.5	8.0	0.24389255997704842
14	ses-s1	16	40	1.5	8.0	0.15163067989411477
15	ses-s1	16	40	1.5	8.0	0.25524518375579286
16	ses-s1	16	40	1.5	8.0	0.17944928280062503
17	ses-s1	16	40	1.5	8.0	0.20130661226995916
18	ses-s1	16	40	1.5	8.0	0.1611102696201559
19	ses-s1	16	40	1.5	8.0	0.2269352486557021
20	ses-s1	16	40	1.5	8.0	0.18024117680650253
21	ses-s1	16	40	1.5	8.0	0.15709118622447005
22	ses-s1	16	40	1.5	8.0	0.17783771522560024
23	ses-s1	16	40	1.5	8.0	0.1921368946143085
0	ses-s1	16	40	1.5	10.0	0.1529433018050694
1	ses-s1	16	40	1.5	10.0	0.1799358738896389
2	ses-s1	16	40	1.5	10.0	0.07962501165592949
3	ses-s1	16	40	1.5	10.0	0.3789012597476391
4	ses-s1	16	40	1.5	10.0	0.1856220985800071
5	ses-s1	16	40	1.5	10.0	0.23057219701472295
6	ses-s1	16	40	1.5	10.0	0.28220692770833655
7	ses-s1	16	40	1.5	10.0	0.20953674820340337
8	ses-s1	16	40	1.5	10.0	0.08389337437719928
9	ses-s1	16	40	1.5	10.0	0.23402800269947688
10	ses-s1	16	40	1.5	10.0	0.32568177069013554
11	ses-s1	16	40	1.5	10.0	0.10312393107896567
12	ses-s1	16	40	1.5	10.0	0.19763567364094012
13	ses-s1	16	40	1.5	10.0	0.2430085451019397
14	ses-s1	16	40	1.5	10.0	0.15065298729196666
15	ses-s1	16	40	1.5	10.0	0.25414976566028014
16	ses-s1	16	40	1.5	10.0	0.17823578555332312
17	ses-s1	16	40	1.5	10.0	0.20066998119332666
18	ses-s1	16	40	1.5	10.0	0.1590214505194219
19	ses-s1	16	40	1.5	10.0	0.2260704056630722
20	ses-s1	16	40	1.5	10.0	0.17883883547778023
21	ses-s1	16	40	1.5	10.0	0.15751921639122737
22	ses-s1	16	40	1.5	10.0	0.1776843753671899
23	ses-s1	16	40	1.5	10.0	0.1921351763623033
0	ses-s1	16	40	1.5	15.0	0.15271979080376943
1	ses-s1	16	40	1.5	15.0	0.17933385127100634
2	ses-s1	16	40	1.5	15.0	0.07903991700766327
3	ses-s1	16	40	1.5	15.0	0.3790410803301775
4	ses-s1	16	40	1.5	15.0	0.18526117697680616
5	ses-s1	16	40	1.5	15.0	0.23009924149356492
6	ses-s1	16	40	1.5	15.0	0.2814207799691433
7	ses-s1	16	40	1.5	15.0	0.2083506763313579
8	ses-s1	16	40	1.5	15.0	0.08220180858139434
9	ses-s1	16	40	1.5	15.0	0.23278988695541436
10	ses-s1	16	40	1.5	15.0	0.32637155575906013
11	ses-s1	16	40	1.5	15.0	0.10345342660057165
12	ses-s1	16	40	1.5	15.0	0.1967561547669786
13	ses-s1	16	40	1.5	15.0	0.24116062370551475
14	ses-s1	16	40	1.5	15.0	0.1491486125539751
15	ses-s1	16	40	1.5	15.0	0.2534948082330726
16	ses-s1	16	40	1.5	15.0	0.1776089751305699
17	ses-s1	16	40	1.5	15.0	0.2006985851377693
18	ses-s1	16	40	1.5	15.0	0.1581986237657829
19	ses-s1	16	40	1.5	15.0	0.22451651020671648
20	ses-s1	16	40	1.5	15.0	0.17639692788650058
21	ses-s1	16	40	1.5	15.0	0.15715226596369605
22	ses-s1	16	40	1.5	15.0	0.17723024868874238
23	ses-s1	16	40	1.5	15.0	0.19029589243336728
0	ses-s1	16	40	1.5	20.0	0.15286442584553334
1	ses-s1	16	40	1.5	20.0	0.17891509840814865
2	ses-s1	16	40	1.5	20.0	0.07922196660960436
3	ses-s1	16	40	1.5	20.0	0.3789202579600585
4	ses-s1	16	40	1.5	20.0	0.18494720476681437
5	ses-s1	16	40	1.5	20.0	0.23033357842125693
6	ses-s1	16	40	1.5	20.0	0.2808481503318531
7	ses-s1	16	40	1.5	20.0	0.20830211257915457
8	ses-s1	16	40	1.5	20.0	0.081124984629547
9	ses-s1	16	40	1.5	20.0	0.23149615182415803
10	ses-s1	16	40	1.5	20.0	0.3260489585694271
11	ses-s1	16	40	1.5	20.0	0.10263001291581503
12	ses-s1	16	40	1.5	20.0	0.19711345772398958
13	ses-s1	16	40	1.5	20.0	0.24100443110738268
14	ses-s1	16	40	1.5	20.0	0.14827454302077944
15	ses-s1	16	40	1.5	20.0	0.25178498352820505
16	ses-s1	16	40	1.5	20.0	0.17741410399471824
17	ses-s1	16	40	1.5	20.0	0.2003933205847192
18	ses-s1	16	40	1.5	20.0	0.15677779674809028
19	ses-s1	16	40	1.5	20.0	0.2243008840883499
20	ses-s1	16	40	1.5	20.0	0.17498424179301783
21	ses-s1	16	40	1.5	20.0	0.15758495991494897
22	ses-s1	16	40	1.5	20.0	0.17662503814085337
23	ses-s1	16	40	1.5	20.0	0.1896320902082833
0	ses-s1	16	40	1.5	200.0	0.15082304024346643
1	ses-s1	16	40	1.5	200.0	0.17661679612256265
2	ses-s1	16	40	1.5	200.0	0.07680997788899656
3	ses-s1	16	40	1.5	200.0	0.37639982763261154
4	ses-s1	16	40	1.5	200.0	0.18405380455032616
5	ses-s1	16	40	1.5	200.0	0.22890140051127056
6	ses-s1	16	40	1.5	200.0	0.2793905612325333
7	ses-s1	16	40	1.5	200.0	0.20741573819381542
8	ses-s1	16	40	1.5	200.0	0.07696388008855201
9	ses-s1	16	40	1.5	200.0	0.22767298388797524
10	ses-s1	16	40	1.5	200.0	0.3264062161568257
11	ses-s1	16	40	1.5	200.0	0.10244601281429887
12	ses-s1	16	40	1.5	200.0	0.1966136735490035
13	ses-s1	16	40	1.5	200.0	0.23913132508708002
14	ses-s1	16	40	1.5	200.0	0.14560367515346312
15	ses-s1	16	40	1.5	200.0	0.25090775142042643
16	ses-s1	16	40	1.5	200.0	0.17348625757672173
17	ses-s1	16	40	1.5	200.0	0.20020461968211925
18	ses-s1	16	40	1.5	200.0	0.15357788477808199
19	ses-s1	16	40	1.5	200.0	0.22309666138693768
20	ses-s1	16	40	1.5	200.0	0.17005244829887925
21	ses-s1	16	40	1.5	200.0	0.1585554195402447
22	ses-s1	16	40	1.5	200.0	0.1761677386861505
23	ses-s1	16	40	1.5	200.0	0.18760633482432218
